time,state_x,state_y,state_z,state_v_x,state_v_y,state_v_z,state_phi,state_theta,state_psi,state_wx,state_wy,control_u_thrust,control_u_phi,control_u_theta,control_u_psi,output_x,output_y,output_z,output_v_x,output_v_y,output_v_z,output_phi,output_theta,output_psi,output_wx,output_wy,output_Ax,output_Ay,output_Az,output_rx,output_ry,output_Wax,output_Way
0.0,0.0,0.0,2.0,1.0,0.0,0.0,0.0,0.0,-1.5,1.5,2.0,21.248880836594513,-0.3206426750764805,0.17128996015103887,0.18168105700461748,0.0,0.0,2.0,1.0,0.0,0.0,0.0,0.0,-1.5,1.5,2.0,-0.10055287750457902,0.057003720265975895,-2.4139398410739603,0.5,0.0,2.8888841707065547,-1.6377168832414872
0.1,0.0077326425836036616,-0.09940715660549763,1.9879401964366938,0.9962989153360562,-0.0004911444855450462,-0.24113710666881594,-0.03206426750764805,0.01712899601510389,-1.481831894299538,1.5,2.0,30.622420664015323,-0.2715956819612169,-0.08126874209368558,0.5474116455794745,0.0077326425836036616,-0.09940715660549763,1.9879401964366938,0.9962989153360562,-0.0004911444855450462,-0.24113710666881594,-0.03206426750764805,0.01712899601510389,-1.481831894299538,1.5,2.0,0.0830923045197599,0.3999103996588245,0.8500431866734187,0.5011714724225023,-0.00024706200238085825,2.8551187765224144,-1.6722533056972195
0.2,0.019036752130025095,-0.1986512759477935,1.9680552239457627,1.0002652385527075,-0.0005409646245095657,-0.15681248474598458,-0.059223835703769726,0.009002121805735326,-1.42709072974159,1.5,2.0,32.73905836382968,-0.28910322555453055,-0.013605452465244335,0.9017225330791012,0.019036752130025095,-0.1986512759477935,1.9680552239457627,1.0002652385527075,-0.0005409646245095657,-0.15681248474598458,-0.059223835703769726,0.009002121805735326,-1.42709072974159,1.5,2.0,0.006166754307932384,0.7361467342131629,1.570444363564793,0.5082505949946218,-0.00027487268544476275,2.764832220659212,-1.771502106394578
0.30000000000000004,0.03748219499787508,-0.2969277222615089,1.9601808897080208,1.0000910881657985,-0.0004112362496252295,-0.001166498459010873,-0.08813415825922276,0.007641576559210894,-1.33691847643368,1.5,2.0,31.460215788865895,-0.3589675701412949,0.009699042144039804,1.2299383499332535,0.03748219499787508,-0.2969277222615089,1.9601808897080208,1.0000910881657985,-0.0004112362496252295,-0.001166498459010873,-0.08813415825922276,0.007641576559210894,-1.33691847643368,1.5,2.0,-0.007076627766390085,1.0307828529800225,1.097522062010921,0.5102034681680665,-0.0002097950509488363,2.598013816669823,-1.9230768217663197
0.4,0.06621189715914842,-0.392628018266279,1.9654818856621226,0.9998638880926565,-0.00041346880154111663,0.10642898156057239,-0.12403091527335225,0.00861148077361487,-1.2139246414403544,1.5,2.0,29.41094335120693,-0.37393062961738516,-0.007640274034403871,1.5307700654772187,0.06621189715914842,-0.392628018266279,1.9654818856621226,0.9998638880926565,-0.00041346880154111663,0.10642898156057239,-0.12403091527335225,0.00861148077361487,-1.2139246414403544,1.5,2.0,0.0056872630102294975,1.3397075952382458,0.3442931032885603,0.5087118306134004,-0.00021036510412907172,2.3498353202734528,-2.104594338474044
0.5,0.10784568695610473,-0.48343442956093124,1.9777595929722853,1.00006243141458,-0.00020706546390550376,0.13820043861022518,-0.16142397823509072,0.007847453370174489,-1.0608476348926323,1.5,2.0,27.934927130277014,-0.31254845701925127,-0.01531597187419228,1.792249221995814,0.10784568695610473,-0.48343442956093124,1.9777595929722853,1.00006243141458,-0.00020706546390550376,0.13820043861022518,-0.16142397823509072,0.007847453370174489,-1.0608476348926323,1.5,2.0,0.005229923830642723,1.6423150872724015,-0.21825347036081957,0.5056541932437963,-0.0001046969837189941,2.01340283823054,-2.2856263311379448
0.6000000000000001,0.16398605731176882,-0.5660360367499551,1.990404579375486,1.0000929668174727,3.767695669166249e-05,0.11382320879785073,-0.1926788239370158,0.006315856182755265,-0.8816227126930513,1.5,2.0,27.388663384413203,-0.21008720944573694,-0.020230256824719465,2.008224206857047,0.16398605731176882,-0.5660360367499551,1.990404579375486,1.0000929668174727,3.767695669166249e-05,0.11382320879785073,-0.1926788239370158,0.006315856182755265,-0.8816227126930513,1.5,2.0,0.0037598110546090135,1.9100470055459682,-0.4574375189488382,0.5024571271491267,1.8929295622643763e-05,1.5897870935289857,-2.4294192246824267
0.7000000000000001,0.23476977529470341,-0.6364481311000071,1.9994369650364199,1.0000610366745502,0.0001709770851458461,0.06618029967703698,-0.2136875448815895,0.004292830500283318,-0.6808002920073467,1.5,2.0,27.56845869362708,-0.11397831547074655,-0.022314991422701012,2.174691521970175,0.23476977529470341,-0.6364481311000071,1.9994369650364199,1.0000610366745502,0.0001709770851458461,0.06618029967703698,-0.2136875448815895,0.004292830500283318,-0.6808002920073467,1.5,2.0,0.0022018440472230563,2.121863700508105,-0.43493445521308294,0.5001713253092397,8.551261586920382e-05,1.093287374668717,-2.498090188186451
0.8,0.31864955338352674,-0.6905407869078282,2.003843844246737,1.0000233566410879,0.0001847271886573966,0.0215875642307732,-0.2250853764286641,0.002061331358013217,-0.46333113981032914,1.5,2.0,28.08786637638275,-0.04677175393436736,-0.021031642221878116,2.288016696795384,0.31864955338352674,-0.6905407869078282,2.003843844246737,1.0000233566410879,0.0001847271886573966,0.0215875642307732,-0.2250853764286641,0.002061331358013217,-0.46333113981032914,1.5,2.0,0.0004297732774372782,2.2676136794045996,-0.2808894602642109,0.49905253820664147,9.21864192101442e-05,0.5520313722639985,-2.4593483955673423
0.9,0.4124139996599376,-0.7246723022622601,2.0045827489068966,0.9999859304397953,0.0001181425300306742,-0.006964354730894653,-0.22976255182210092,-4.183286417459479e-05,-0.2345294701307906,1.5,2.0,28.614601131911282,-0.002712778854747368,-0.018380128366897664,2.345605985184735,0.4124139996599376,-0.7246723022622601,2.0045827489068966,0.9999859304397953,0.0001181425300306742,-0.006964354730894653,-0.22976255182210092,-4.183286417459479e-05,-0.2345294701307906,1.5,2.0,-0.0006083083716193408,2.3481520732144157,-0.11166371593513212,0.4988499132725201,5.8936220066294383e-05,0.005820965978308501,-2.2937074880350505
1.0,0.511499581402694,-0.736329703399448,2.0033276021683726,0.9999667573859141,3.203152318972131e-05,-0.018142641787948482,-0.23003382970757574,-0.0018798457008643618,3.11283876829882e-05,1.5,2.0,28.964088290741127,0.033167010813835385,-0.015262344569531827,2.3459022555678497,0.511499581402694,-0.736329703399448,2.0033276021683726,0.9999667573859141,3.203152318972131e-05,-0.018142641787948482,-0.23003382970757574,-0.0018798457008643618,3.11283876829882e-05,1.5,2.0,-0.0010456676778781088,2.368293521557413,0.006533403008094491,0.49915288757743104,1.5989158815088883e-05,-0.5000954986627093,-1.9999212749263169
1.1,0.6105771444905174,-0.7246121731283822,2.0015585616607745,0.9999691303122504,-2.4818350284893097e-05,-0.017113264329774145,-0.22671712862619214,-0.0034060801578175443,0.234621353944468,1.5,2.0,29.0925884338989,0.07146693971901653,-0.011608499959382847,2.288529771288349,0.6105771444905174,-0.7246121731283822,2.0015585616607745,0.9999691303122504,-2.4818350284893097e-05,-0.017113264329774145,-0.22671712862619214,-0.0034060801578175443,0.234621353944468,1.5,2.0,-0.0014505060519426829,2.33173695618078,0.05760995858390646,0.49959524016251383,-1.2399512440095834e-05,-0.9238839849469711,-1.5965175965699012
1.2000000000000002,0.7043165148399576,-0.6904217917227465,2.0001617607832554,0.999981735190127,-4.134756679980277e-05,-0.01056044544379298,-0.21957043465429055,-0.004566930153755831,0.46347433107330294,1.5,2.0,29.04396049121082,0.11606632612700114,-0.007492048253466415,2.174665426580739,0.7043165148399576,-0.6904217917227465,2.0001617607832554,0.999981735190127,-4.134756679980277e-05,-0.01056044544379298,-0.21957043465429055,-0.004566930153755831,0.46347433107330294,1.5,2.0,-0.0020422761233311578,2.240836295040383,0.05683170012381172,0.49995043140837675,-2.0672111431433038e-05,-1.2358924781289446,-1.1184627807550336
1.3,0.7881635147252157,-0.6362899572651449,1.9994314901127408,0.99999418523352,-3.142373521695962e-05,-0.003634742219244371,-0.20796380204159046,-0.005316134979102474,0.6809408737313769,1.5,2.0,28.8930042944156,0.16587132453620632,-0.003335382375125636,2.0070819320562276,0.7881635147252157,-0.6362899572651449,1.9994314901127408,0.99999418523352,-3.142373521695962e-05,-0.003634742219244371,-0.20796380204159046,-0.005316134979102474,0.6809408737313769,1.5,2.0,-0.002727564524118701,2.0976162840820916,0.030035124383147763,0.5001392596738256,-1.5716335054414765e-05,-1.42452564118671,-0.6097064283854138
1.4000000000000001,0.8589404130879735,-0.565882358414668,1.9992742120068838,1.0000018290141823,-1.285937034200494e-05,0.001037586466718022,-0.1913766695879698,-0.005649673216615035,0.8816490669369996,1.5,2.0,28.70733577096252,0.21703253272966427,0.0002910301276098944,1.7899661839986218,0.8589404130879735,-0.565882358414668,1.9992742120068838,1.0000018290141823,-1.285937034200494e-05,0.001037586466718022,-0.1913766695879698,-0.005649673216615035,0.8816490669369996,1.5,2.0,-0.003301706854355765,1.9045766575313006,-0.0005042643558776023,0.50018242770729,-6.432019312196612e-06,-1.4973941592861193,-0.11408861324275421
1.5,0.9151437540284697,-0.48333111394228434,1.9994422175654158,1.0000044936604495,2.4713290423968286e-06,0.0029703464295811623,-0.1696734163150034,-0.005620570203854045,1.0606456853368618,1.5,2.0,28.53154981779291,0.2651101322946812,0.0028956781261028903,1.5287351201795845,0.9151437540284697,-0.48333111394228434,1.9994422175654158,1.0000044936604495,2.4713290423968286e-06,0.0029703464295811623,-0.1696734163150034,-0.005620570203854045,1.0606456853368618,1.5,2.0,-0.0035780964308927805,1.6653712484358187,-0.021940627009157405,0.5001417319666716,1.2360092333180787e-06,-1.4778004916347518,0.33239148264898205
1.6,0.9569203535531234,-0.39258196389036115,1.9997008701039944,1.0000040561883423,1.0073818913404708e-05,0.002886447799218719,-0.14316240308553513,-0.005331002391243758,1.21351919735482,1.5,2.0,28.387454954023333,0.3065864263226397,0.004243880173549525,1.2298696348737004,0.9569203535531234,-0.39258196389036115,1.9997008701039944,1.0000040561883423,1.0073818913404708e-05,0.002886447799218719,-0.14316240308553513,-0.005331002391243758,1.21351919735482,1.5,2.0,-0.003465334414076648,1.3851598315151432,-0.030551198482920167,0.5000768220580597,5.037662914494216e-06,-1.3982879512647928,0.7058396899348789
1.7000000000000002,0.9858024335187955,-0.2969090745034689,1.9999051169826068,1.0000025544956141,1.099609745059424e-05,0.0018429509751632079,-0.11250376045327118,-0.0049066143738888054,1.3365061608421893,1.5,2.0,28.28174464743967,0.33933910671631284,0.004380545750057252,0.9007476424681519,0.9858024335187955,-0.2969090745034689,1.9999051169826068,1.0000025544956141,1.099609745059424e-05,0.0018429509751632079,-0.11250376045327118,-0.0049066143738888054,1.3365061608421893,1.5,2.0,-0.0029694673318031678,1.0705263913942231,-0.02843773444045296,0.5000249991881546,5.498309573398563e-06,-1.2935851025623673,0.9947248541447185
1.8,1.0043296703004059,-0.19867476215239527,2.0000051818156077,1.0000012053142673,8.500998791902093e-06,0.0006902974340320202,-0.07856984978163994,-0.004468559798883084,1.4265809250890045,1.5,2.0,28.214265168482047,0.3623449868198451,0.003546237704224022,0.5494683720753132,1.0043296703004059,-0.19867476215239527,2.0000051818156077,1.0000012053142673,8.500998791902093e-06,0.0006902974340320202,-0.07856984978163994,-0.004468559798883084,1.4265809250890045,1.5,2.0,-0.0021603499486539703,0.7291367903373762,-0.019929113656399235,0.49999930720502667,4.250488383327524e-06,-1.1948107653057203,1.197004914369862
1.9000000000000001,1.015677775085364,-0.09933368195170084,2.0000158569757525,1.0000003951570113,5.541624180503094e-06,-0.00011774732646420666,-0.04233535109965541,-0.00411393602846068,1.4815277622965353,1.5,2.0,28.183434388429756,0.3752040218772789,0.0020662414981269897,0.18466833968088872,1.015677775085364,-0.09933368195170084,2.0000158569757525,1.0000003951570113,5.541624180503094e-06,-0.00011774732646420666,-0.04233535109965541,-0.00411393602846068,1.4815277622965353,1.5,2.0,-0.001136276571249483,0.36937902363251734,-0.009110572947607384,0.4999962333644313,2.7707901220756567e-06,-1.1257610937966092,1.3157327519841728
2.0,1.0233653593665129,0.0003685242513108908,1.9999787784762466,1.0000000777248856,3.6226426108592735e-06,-0.0004786872150672148,-0.004814948911927512,-0.003907311878647982,1.4999945962646235,1.5,2.0,28.188227000110786,0.3778353184801449,0.00028783740626305314,-0.18468011106672225,1.0233653593665129,0.0003685242513108908,1.9999787784762466,1.0000000777248856,3.6226426108592735e-06,-0.0004786872150672148,-0.004814948911927512,-0.003907311878647982,1.4999945962646235,1.5,2.0,-9.862631926830563e-06,8.643019362821054e-05,0.0012540696214634048,0.5000053443000883,1.8113405251326266e-06,-1.1011030187622834,1.3547603454279344
2.1,1.0310531215536218,0.10007062749775363,1.9999342777173486,1.0000000375610494,2.9824354084734966e-06,-0.0004975400787824179,0.03296858293608697,-0.003878528138021676,1.4815265851579513,1.5,2.0,28.227746470429825,0.3704030706168055,-0.0014358241095902174,-0.549485410672866,1.0310531215536218,0.10007062749775363,1.9999342777173486,1.0000000375610494,2.9824354084734966e-06,-0.0004975400787824179,0.03296858293608697,-0.003878528138021676,1.4815265851579513,1.5,2.0,0.001097793096532265,-0.36965993426815896,0.009785819155754426,0.5000164498917498,1.491266708962826e-06,-1.1257630001843633,1.3157276904786204
2.2,1.0424017823147418,0.19941144338047506,1.9999077914025272,1.000000007468377,3.154240848526023e-06,-0.00034430889061334483,0.07000888999776751,-0.004022110548980697,1.4265780440906652,1.5,2.0,28.29980903302074,0.35334899754856147,-0.0027446060876714262,-0.9007627072616399,1.0424017823147418,0.19941144338047506,1.9999077914025272,1.000000007468377,3.154240848526023e-06,-0.00034430889061334483,0.07000888999776751,-0.004022110548980697,1.4265780440906652,1.5,2.0,0.002066033744584409,-0.7307064101435256,0.016067279433209593,0.5000230569465811,1.5771931396466867e-06,-1.194815411687181,1.196993244357309
2.3000000000000003,1.0609298026121123,0.29764521220115486,1.9999079244274516,0.9999996825185209,3.61792981553059e-06,-0.00016103374973208267,0.10534378975262365,-0.004296571157747838,1.3365017733645017,1.5,2.0,28.399696597053165,0.3274053214445067,-0.0032840047452044833,-1.2298583183627225,1.0609298026121123,0.29764521220115486,1.9999079244274516,0.9999996825185209,3.61792981553059e-06,-0.00016103374973208267,0.10534378975262365,-0.004296571157747838,1.3365017733645017,1.5,2.0,0.0027896688085746173,-1.0740244043876708,0.020148804027101685,0.5000228612048768,1.8090481923393335e-06,-1.2935923388022423,0.9947074129028393
2.4000000000000004,1.089812127959043,0.3933173130682453,1.999931361435867,0.999998819325635,3.973627730670826e-06,-2.522073359995073e-05,0.13808432189707434,-0.004624971632268286,1.2135159415282284,1.5,2.0,28.519630236406684,0.29352634042270154,-0.002752938388684517,-1.5286660851977871,1.089812127959043,0.3933173130682453,1.999931361435867,0.999998819325635,3.973627730670826e-06,-2.522073359995073e-05,0.13808432189707434,-0.004624971632268286,1.2135159415282284,1.5,2.0,0.0031963270099088625,-1.3909479473782922,0.022184651782252283,0.5000165698725169,1.9868820537010472e-06,-1.3982954861736219,0.7058257813170626
2.5,1.1315870303401625,0.48406615089564414,1.9999692939221132,0.9999973794907248,4.02764282468604e-06,4.483611461618517e-05,0.16743695593934452,-0.004900265471136739,1.060649333008449,1.5,2.0,28.649106547632922,0.2527686841997279,-0.0009795671998925881,-1.789827586225215,1.1315870303401625,0.48406615089564414,1.9999692939221132,0.9999973794907248,4.02764282468604e-06,4.483611461618517e-05,0.16743695593934452,-0.004900265471136739,1.060649333008449,1.5,2.0,0.003256621612816426,-1.6734344183160892,0.022269222515408298,0.5000063663625771,2.0138523310962855e-06,-1.47780639334204,0.33240207717939657
2.6,1.1877856535189544,0.5666192326821469,2.000012418291705,0.9999955957950101,3.752066983496536e-06,6.527637001481623e-05,0.19271382435931741,-0.004998222191125996,0.8816665743859278,1.5,2.0,28.7758975702058,0.2061821963023361,0.0019962737316945593,-2.0069132513891312,1.1877856535189544,0.5666192326821469,2.000012418291705,0.9999955957950101,3.752066983496536e-06,6.527637001481623e-05,0.19271382435931741,-0.004998222191125996,0.8816665743859278,1.5,2.0,0.002984696844051323,-1.9143225464633473,0.020435579679677032,0.49999469335752844,1.8760218432550205e-06,-1.4974023892979869,-0.1140282787552297
2.7,1.2585559250370288,0.6370324621719997,2.0000534185984553,0.9999939128646456,3.2395788364337954e-06,6.097336033351021e-05,0.2133320439895511,-0.004798594817956543,0.6809752492470146,1.5,2.0,28.887429577061937,0.1547691748750848,0.005873254920445449,-2.174580008084125,1.2585559250370288,0.6370324621719997,2.0000534185984553,0.9999939128646456,3.2395788364337954e-06,6.097336033351021e-05,0.2133320439895511,-0.004798594817956543,0.6809752492470146,1.5,2.0,0.002428996907227333,-2.107559276342439,0.016747681296765283,0.49998360222068217,1.6197461559321462e-06,-1.424546870015738,-0.6095884205919507
2.8000000000000003,1.3423982392317648,0.6911721736932305,2.0000873584502425,0.9999928254391723,2.6247882392686772e-06,4.957342896010984e-05,0.22880896147705954,-0.004211269325911999,0.463517248438602,1.5,2.0,28.97226268870319,0.09952406256963835,0.010108070736017022,-2.2887022275437436,1.3423982392317648,0.6911721736932305,2.0000873584502425,0.9999928254391723,2.6247882392686772e-06,4.957342896010984e-05,0.22880896147705954,-0.004211269325911999,0.463517248438602,1.5,2.0,0.0016579208820790353,-2.2483777765395527,0.01140975498143925,0.499974574217604,1.3123367977799135e-06,-1.2359293855219624,-1.118322849539638
2.9000000000000004,1.4361387361863613,0.7253646845563811,2.0001110463105567,0.9999927414079023,1.992427153691003e-06,3.741232784653082e-05,0.23876136773402343,-0.0032004622523102953,0.23464702568422752,1.5,2.0,29.02145657783318,0.041520292603293464,0.014020000834856869,-2.346472767180211,1.4361387361863613,0.7253646845563811,2.0001110463105567,0.9999927414079023,1.992427153691003e-06,3.741232784653082e-05,0.23876136773402343,-0.0032004622523102953,0.23464702568422752,1.5,2.0,0.0007459534591695164,-2.3334181787303487,0.004833884809526382,0.4999686108691356,9.961582669953612e-07,-0.9239013579644985,-1.5964413966098827
3.0,1.5352210890516866,0.7370656159275206,2.000122405418188,0.9999936779719251,1.350143874702522e-06,2.364111412872829e-05,0.24291339699435271,-0.0017984621688246069,-2.5103379366550604e-07,1.5,2.0,29.029646850354773,-0.018011776565040924,0.016962260643997563,-2.3464712316624117,1.5352210890516866,0.7370656159275206,2.000122405418188,0.9999936779719251,1.350143874702522e-06,2.364111412872829e-05,0.24291339699435271,-0.0017984621688246069,-2.5103379366550604e-07,1.5,2.0,-0.00023506222232229433,-2.360788303213591,-0.0023678608120970357,0.4999662396976375,6.750306236483723e-07,-0.5000058199604404,-1.9999990264067529
3.1,1.6343035345100492,0.7253639350337322,2.0001202585713336,0.9999954478464506,5.845320998408527e-07,6.386520495810714e-06,0.2411122193378486,-0.00010223610442485073,-0.23464737420003484,1.5,2.0,28.995721629975453,-0.07766192542235208,0.01848929729441165,-2.2886983891113735,1.6343035345100492,0.7253639350337322,2.0001202585713336,0.9999954478464506,5.845320998408527e-07,6.386520495810714e-06,0.2411122193378486,-0.00010223610442485073,-0.23464737420003484,1.5,2.0,-0.0012143238076439506,-2.330068206016091,-0.009456488771393821,0.49996766122489933,2.9224847722825343e-07,0.006100941670444837,-2.2939422461838603
3.2,1.7280441900292447,0.6911706566773931,2.00010458211266,0.9999976177572913,-4.2192887646471983e-07,-1.3226196958785177e-05,0.23334602679561336,0.0017466936250163146,-0.4635172131111721,1.5,2.0,28.922987949858232,-0.1358778203648092,0.018474792105343873,-2.174575466420007,1.7280441900292447,0.6911706566773931,2.00010458211266,0.9999976177572913,-4.2192887646471983e-07,-1.3226196958785177e-05,0.23334602679561336,0.0017466936250163146,-0.4635172131111721,1.5,2.0,-0.002121800044987225,-2.242262789894629,-0.01568075152713417,0.4999726647798682,-2.1095340725585807e-07,0.5524632945797192,-2.459616861453135
3.3000000000000003,1.8118868564443145,0.6370304462064392,2.000076798390756,0.9999997657017894,-1.723933934339912e-06,-3.115509760310601e-05,0.21975824475913233,0.003594172835550702,-0.6809747597531726,1.5,2.0,28.81884831371434,-0.1910489267316928,0.017108721985631035,-2.0069100081044833,1.8118868564443145,0.6370304462064392,2.000076798390756,0.9999997657017894,-1.723933934339912e-06,-3.115509760310601e-05,0.21975824475913233,0.003594172835550702,-0.6809747597531726,1.5,2.0,-0.0028811595169964967,-2.099722373907508,-0.020378830594219594,0.49998068399492474,-8.619338696028941e-07,1.093661968268876,-2.498246586194294
3.4000000000000004,1.8826576682556524,0.5666169242863213,2.00003987206135,1.0000013532798833,-3.238054237552951e-06,-4.2176022674949684e-05,0.20065335208596313,0.005305045034113808,-0.8816657605636209,1.5,2.0,28.693962526337135,-0.24158308737703907,0.01480868344084396,-1.789826906768883,1.8826576682556524,0.5666169242863213,2.00003987206135,1.0000013532798833,-3.238054237552951e-06,-4.2176022674949684e-05,0.20065335208596313,0.005305045034113808,-0.8816657605636209,1.5,2.0,-0.0034152640559652237,-1.9060352255249886,-0.023062410155512757,0.4999907088098336,-1.618994842445634e-06,1.5898000623912338,-2.4294347523658852
3.5,1.9388569764113306,0.48406369330420074,1.9999980363376961,1.0000021123938556,-4.701328649469043e-06,-4.220055019323309e-05,0.17649504334825922,0.006785913378198205,-1.0606484512405092,1.5,2.0,28.56105480021704,-0.2859704653286465,0.01205731342862986,-1.5286683006428594,1.9388569764113306,0.48406369330420074,1.9999980363376961,1.0000021123938556,-4.701328649469043e-06,-4.220055019323309e-05,0.17649504334825922,0.006785913378198205,-1.0606484512405092,1.5,2.0,-0.003650610554909453,-1.6659212487473238,-0.023463407042432896,0.5000015471140228,-2.3506666326922494e-06,2.012887280955158,-2.2856257625084204
3.6,1.9806325412116177,0.39331483678693474,1.9999562834152245,1.000002053474141,-5.732777497834498e-06,-2.9336501180355394e-05,0.1478979968153946,0.007991644721061193,-1.2135152813047956,1.5,2.0,28.433481650616223,-0.3228286537147107,0.009267957247754676,-1.2298626970910582,1.9806325412116177,0.39331483678693474,1.9999562834152245,1.000002053474141,-5.732777497834498e-06,-2.9336501180355394e-05,0.1478979968153946,0.007991644721061193,-1.2135152813047956,1.5,2.0,-0.0035377582227555907,-1.3851260014085347,-0.02156332321135007,0.5000119561446053,-2.866451404650167e-06,2.3491120048017295,-2.1047390506182335
3.7,2.0095153946403292,0.297642773050788,1.999919685277979,1.0000014651870537,-6.1199828074792934e-06,-4.539174204477976e-06,0.11561513144392349,0.008918440445836657,-1.3365015510139004,1.5,2.0,28.323791612209366,-0.3509575090674538,0.006687852906023425,-0.9007678242695196,2.0095153946403292,0.297642773050788,1.999919685277979,1.0000014651870537,-6.1199828074792934e-06,-4.539174204477976e-06,0.11561513144392349,0.008918440445836657,-1.3365015510139004,1.5,2.0,-0.0030622707313254505,-1.0703218489702973,-0.017593496093310408,0.5000208121097915,-3.060114289853918e-06,2.597122446677065,-1.9233377529791513
3.8000000000000003,2.0280436983015235,0.19940906370533218,1.9998927068318981,1.0000007480081514,-5.7879403115349524e-06,2.8381525697622177e-05,0.08051938053717811,0.009587225736439007,-1.4265783334408513,1.5,2.0,28.242414072120717,-0.36940618183872115,0.004378334617910315,-0.54948826358522,2.0280436983015235,0.19940906370533218,1.9998927068318981,1.0000007480081514,-5.7879403115349524e-06,2.8381525697622177e-05,0.08051938053717811,0.009587225736439007,-1.4265783334408513,1.5,2.0,-0.0022558326476722285,-0.7290003942914568,-0.012013945568201232,0.5000271987552215,-2.894125415709844e-06,2.76366006457307,-1.7718708547819615
3.9000000000000004,2.0393923782984738,0.1000682652475197,1.9998785301219875,1.0000002552413436,-4.913706442593712e-06,6.281579740127327e-05,0.043578762353305996,0.010025059198230034,-1.481527159799373,1.5,2.0,28.196631414015577,-0.37756882024168126,0.002242051777595165,-0.18467628390807686,2.0393923782984738,0.1000682652475197,1.9998785301219875,1.0000002552413436,-4.913706442593712e-06,6.281579740127327e-05,0.043578762353305996,0.010025059198230034,-1.481527159799373,1.5,2.0,-0.0011943127928520166,-0.36935331110674646,-0.005461333575663985,0.5000304969424049,-2.4570024471906244e-06,2.8583105865210934,-1.6723334438281245
4.0,2.047080064795546,0.00036615153822669444,1.9998785482054175,1.0000001277127974,-3.820929044701929e-06,8.987596246116645e-05,0.005821880329137868,0.010249264375989555,-1.499994788190181,1.5,2.0,28.189934746183187,-0.37527395640387023,8.744775331421982e-05,0.18468246680135292,2.047080064795546,0.00036615153822669444,1.9998785482054175,1.0000001277127974,-3.820929044701929e-06,8.987596246116645e-05,0.005821880329137868,0.010249264375989555,-1.499994788190181,1.5,2.0,9.941812234116632e-06,-0.00011989021990245884,0.0013356836440488774,0.5000304286528516,-1.91058054406885e-06,2.888875762924765,-1.6377305486533578
4.1000000000000005,2.054767754273415,-0.09933605065736616,1.9998920129926256,1.0000002837828799,-2.9509431975487544e-06,0.00010013091784979055,-0.03170551531124916,0.010258009151320977,-1.481526541510046,1.5,2.0,28.221820121812865,-0.3628426180106527,-0.0022989360748462396,0.5494905853877713,2.054767754273415,-0.09933605065736616,1.9998920129926256,1.0000002837828799,-2.9509431975487544e-06,0.00010013091784979055,-0.03170551531124916,0.010258009151320977,-1.481526541510046,1.5,2.0,0.0012245597841852838,0.36960344862301964,0.007661804374190888,0.5000271401086731,-1.4755512689572583e-06,2.858309581079393,-1.6723326300380046
4.2,2.066116384098059,-0.1986770787034911,1.9999161233688678,1.000000435066637,-2.6523693806316737e-06,8.670457767911345e-05,-0.06798977711231442,0.01002811554383636,-1.4265774829712687,1.5,2.0,28.28802392907265,-0.34107985928833784,-0.0050757472411347,0.9007640359167669,2.066116384098059,-0.1986770787034911,1.9999161233688678,1.000000435066637,-2.6523693806316737e-06,8.670457767911345e-05,-0.06798977711231442,0.01002811554383636,-1.4265774829712687,1.5,2.0,0.0023145131393573506,0.7305958689239663,0.012916507258965924,0.500021187579673,-1.3262403106004994e-06,2.7636582447135742,-1.7718692191489922
4.3,2.0846444018916137,-0.29691117518732724,1.9999466246097741,1.000000195774781,-3.053280585660215e-06,4.897936014879518e-05,-0.10209776304114819,0.009520540819722884,-1.3365010793795915,1.5,2.0,28.381125654949866,-0.3111942143053895,-0.008280258448467746,1.2298533329356807,2.0846444018916137,-0.29691117518732724,1.9999466246097741,1.000000195774781,-3.053280585660215e-06,4.897936014879518e-05,-0.10209776304114819,0.009520540819722884,-1.3365010793795915,1.5,2.0,0.0031606353581866663,1.0737735637605792,0.016678701235330454,0.5000134420936855,-1.5266810364281425e-06,2.597120270155429,-1.9233354395337663
4.4,2.113526569788952,-0.3925837346228725,1.9999788028802865,0.999999274659891,-4.014887985059282e-06,-5.3516033892622575e-06,-0.13321718447168718,0.00869251497487611,-1.2135157460860237,1.5,2.0,28.491442809902917,-0.27464678608262943,-0.011777293900748815,1.5286563776425668,2.113526569788952,-0.3925837346228725,1.9999788028802865,0.999999274659891,-4.014887985059282e-06,-5.3516033892622575e-06,-0.13321718447168718,0.00869251497487611,-1.2135157460860237,1.5,2.0,0.003673449666266826,1.3904653435573617,0.01872743671634701,0.5000049366621954,-2.0074652687704528e-06,2.34911020422787,-2.1047367056875137
4.5,2.1553009841464523,-0.48333324649236453,2.0000086255333405,0.9999976268289267,-5.166954905967474e-06,-6.108877922978218e-05,-0.1606818630799501,0.007514785584801226,-1.0606501083217674,1.5,2.0,28.608064418471706,-0.23295849525323115,-0.015241151381401568,1.7898173521170322,2.1553009841464523,-0.48333324649236453,2.0000086255333405,0.9999976268289267,-5.166954905967474e-06,-6.108877922978218e-05,-0.1606818630799501,0.007514785584801226,-1.0606501083217674,1.5,2.0,0.003802118983613423,1.6726782248856806,0.019013612341523125,0.4999966570455456,-2.583466311096337e-06,2.0128865828486626,-2.2856245496985093
4.6000000000000005,2.2114987835866753,-0.5658873268443807,2.000033628189235,0.9999955084136245,-6.018540271435712e-06,-0.00010000059697628189,-0.18397771260527326,0.00599067044666107,-0.8816683731100637,1.5,2.0,28.71989299371312,-0.18751558601241186,-0.018190452595048378,2.0069071450960876,2.2114987835866753,-0.5658873268443807,2.000033628189235,0.9999955084136245,-6.018540271435712e-06,-0.00010000059697628189,-0.18397771260527326,0.00599067044666107,-0.8816683731100637,1.5,2.0,0.003538729216204838,1.9133333136196906,0.017606404524549972,0.49998934733861833,-3.009219538415812e-06,1.5898005645256228,-2.4294359919671087
4.7,2.2822681019326634,-0.6363018859784371,2.0000531790371343,0.9999934080182518,-6.141724904887725e-06,-0.00010771660720780346,-0.20272927120651443,0.004171625187156233,-0.680977658600455,1.5,2.0,28.816587075125796,-0.13942229429264327,-0.020085429875481908,2.1745811237620734,2.2822681019326634,-0.6363018859784371,2.0000531790371343,0.9999934080182518,-6.141724904887725e-06,-0.00010771660720780346,-0.20272927120651443,0.004171625187156233,-0.680977658600455,1.5,2.0,0.0029180357617803977,2.106458850373852,0.014646320305085054,0.49998340969097066,-3.070780801860716e-06,1.0936628526152752,-2.4982507324623464
4.800000000000001,2.3661096391786764,-0.6904430533253784,2.000067992904882,0.9999918883406446,-5.310876601298685e-06,-8.013919605316703e-05,-0.2166715006357788,0.0021630821996080434,-0.46351954622424774,1.5,2.0,28.889345305986136,-0.08944326756909586,-0.020473566090627122,2.288710856301309,2.3661096391786764,-0.6904430533253784,2.000067992904882,0.9999918883406446,-5.310876601298685e-06,-8.013919605316703e-05,-0.2166715006357788,0.0021630821996080434,-0.46351954622424774,1.5,2.0,0.002012716663329949,2.2473365666591745,0.010330230982871764,0.49997894665984066,-2.6553480282363865e-06,0.5524633037275666,-2.459622794542347
4.9,2.4598497158019037,-0.7246367421033052,2.0000790962916404,0.9999914744760972,-3.5945064204378585e-06,-2.614084766716384e-05,-0.22561582739268837,0.00011572559054533164,-0.23464846059411704,1.5,2.0,28.93152642430934,-0.038059139445163315,-0.019140110542404453,2.346486120392928,2.4598497158019037,-0.7246367421033052,2.0000790962916404,0.9999914744760972,-3.5945064204378585e-06,-2.614084766716384e-05,-0.22561582739268837,0.00011572559054533164,-0.23464846059411704,1.5,2.0,0.0009235360229715614,2.3326031584889417,0.004933344007939202,0.49997596411571316,-1.7971821349977888e-06,0.006099460426594261,-2.293947504982137
5.0,2.558931912970156,-0.7363380623328135,2.0000867709596553,0.9999922503249331,-1.2808578318022706e-06,3.528572226225006e-05,-0.22942174133720475,-0.0017982854636951135,1.5144517576115568e-07,1.5,2.0,28.939125477926773,0.014380689720668778,-0.016198679764188387,2.346484818878425,2.558931912970156,-0.7363380623328135,2.0000867709596553,0.9999922503249331,-1.2808578318022706e-06,3.528572226225006e-05,-0.22942174133720475,-0.0017982854636951135,1.5144517576115568e-07,1.5,2.0,-0.00023543545984355376,2.360311708114332,-0.0011537705655199617,0.49997443353176624,-6.404011317907504e-07,-0.5000080525654013,-2.000001053690045
5.1000000000000005,2.658014251968334,-0.7246360329807945,2.000089956180959,0.9999941116006855,1.1952433995307868e-06,8.243326575123257e-05,-0.2279836723651379,-0.003418153440113953,0.23464863333301825,1.5,2.0,28.911128232653134,0.0674527922222559,-0.01209488120060695,2.2887076160886295,2.658014251968334,-0.7246360329807945,2.000089956180959,0.9999941116006855,1.1952433995307868e-06,8.243326575123257e-05,-0.2279836723651379,-0.003418153440113953,0.23464863333301825,1.5,2.0,-0.0013488002925477703,2.3299543194530967,-0.007405571321598424,0.49997456789899036,5.975948210914604e-07,-0.9239025542895131,-1.5964391008455516
5.2,2.751754495100965,-0.6904416772476297,2.000086504882574,0.9999966197527568,3.362919555863691e-06,9.964266306979386e-05,-0.22123839314291235,-0.004627641560174648,0.46351939494188144,1.5,2.0,28.849715220046818,0.12047880490624728,-0.007486137217428337,2.1745778072130495,2.751754495100965,-0.6904416772476297,2.000086504882574,0.9999966197527568,3.362919555863691e-06,9.964266306979386e-05,-0.22123839314291235,-0.004627641560174648,0.46351939494188144,1.5,2.0,-0.0023177368893653777,2.2424488491905197,-0.013190458258638495,0.4999766846641801,1.6813870538370187e-06,-1.235927991692525,-1.1183173119913863
5.300000000000001,2.835596368650576,-0.636300046706632,2.000074149418029,0.9999992367928318,5.026844628309773e-06,8.324100729390966e-05,-0.2091905126522876,-0.0053762552819174815,0.6809771756631863,1.5,2.0,28.760254094001468,0.17242297979836085,-0.003078963462586224,2.0069058117837244,2.835596368650576,-0.636300046706632,2.000074149418029,0.9999992367928318,5.026844628309773e-06,8.324100729390966e-05,-0.2091905126522876,-0.0053762552819174815,0.6809771756631863,1.5,2.0,-0.0030618153305240715,2.100085737651532,-0.017850099558095574,0.4999810817432974,2.5133291332086147e-06,-1.4245427204102854,-0.6095819626504546
5.4,2.906366157279562,-0.5658851443614632,2.0000517745361854,1.0000012945661418,6.078271044751495e-06,4.210460691361912e-05,-0.1919482146724514,-0.005684151628176102,0.8816677568415587,1.5,2.0,28.65099908418636,0.2218920258846898,0.0005471603413790249,1.7898186727280494,2.906366157279562,-0.5658851443614632,2.0000517745361854,1.0000012945661418,6.078271044751495e-06,4.210460691361912e-05,-0.1919482146724514,-0.005684151628176102,0.8816677568415587,1.5,2.0,-0.003524234473742383,1.9064398981251292,-0.020807966680183164,0.4999877039673353,3.0390568494963354e-06,-1.4973968253629262,-0.11402299948877849
5.5,2.9625644900425656,-0.48333080094503494,2.0000203571972044,1.0000024171152417,6.561942556086112e-06,-7.03562263115455e-06,-0.1697590120839824,-0.0056294355940381974,1.060649624114364,1.5,2.0,28.532456291581955,0.2672382160973189,0.0030333534460396435,1.5286596059970017,2.9625644900425656,-0.48333080094503494,2.0000203571972044,1.0000024171152417,6.561942556086112e-06,-7.03562263115455e-06,-0.1697590120839824,-0.0056294355940381974,1.060649624114364,1.5,2.0,-0.0036657879905208643,1.6662619033455937,-0.021670080107566027,0.4999961192978199,3.2809378826933094e-06,-1.4778012589543796,0.33240533278244816
5.6000000000000005,3.0043393559223426,-0.39258113836921843,1.9999832119709766,1.0000025565723234,6.510277209013479e-06,-4.672940146561508e-05,-0.14303519047425053,-0.005326100249434238,1.2135155847140648,1.5,2.0,28.416398873928394,0.3067188194998934,0.004272172458962324,1.2298564758053183,3.0043393559223426,-0.39258113836921843,1.9999832119709766,1.0000025565723234,6.510277209013479e-06,-4.672940146561508e-05,-0.14303519047425053,-0.005326100249434238,1.2135155847140648,1.5,2.0,-0.003471316825866475,1.3853522395945221,-0.02029815909546114,0.5000054753393777,3.2551659284167807e-06,-1.398292000773999,0.7058274622211196
5.7,3.033221860792932,-0.29690850994325246,1.9999453809327874,1.0000019953130992,6.081039558730056e-06,-6.576330941331406e-05,-0.11236330852426117,-0.0048988830035380055,1.3365012322945973,1.5,2.0,28.31467590767796,0.33868778837660424,0.004357352293036913,0.9007655637376428,3.033221860792932,-0.29690850994325246,1.9999453809327874,1.0000019953130992,6.081039558730056e-06,-6.576330941331406e-05,-0.11236330852426117,-0.0048988830035380055,1.3365012322945973,1.5,2.0,-0.002950210044122944,1.0704383165283424,-0.01682589960197398,0.5000146528235145,3.040602816809837e-06,-1.2935905642116157,0.9947086350188211
5.800000000000001,3.0517500883300706,-0.19867440673871206,1.999912453791923,1.000001167057838,5.377559496470082e-06,-6.25029811373031e-05,-0.07849452968660071,-0.004463147774234309,1.4265777886683617,1.5,2.0,28.23793679535201,0.3617667975560491,0.003516949331329986,0.5494897436054367,3.0517500883300706,-0.19867440673871206,1.999912453791923,1.000001167057838,5.377559496470082e-06,-6.25029811373031e-05,-0.07849452968660071,-0.004463147774234309,1.4265777886683617,1.5,2.0,-0.0021441527438423734,0.7290458174989022,-0.011630756628940258,0.5000224710645664,2.688897449622852e-06,-1.1948145578356146,1.1969949070711077
5.9,3.0630988144476934,-0.0993333565312335,1.9998892180483978,1.000000475230575,4.56323173180645e-06,-4.40432607186319e-05,-0.042317849930995785,-0.00411145284110131,1.481526763028906,1.5,2.0,28.194459861098874,0.3749911013943947,0.002047301316857802,0.1846800356852639,3.0630988144476934,-0.0993333565312335,1.9998892180483978,1.000000475230575,4.56323173180645e-06,-4.40432607186319e-05,-0.042317849930995785,-0.00411145284110131,1.481526763028906,1.5,2.0,-0.001127690038596414,0.369369954381269,-0.0052716251996742045,0.5000279346505155,2.281742253833191e-06,-1.1257623284855942,1.3157296493864237
6.0,3.0707865356569335,0.0003688592029734289,1.9998786710250223,1.000000112579645,3.7996632042641525e-06,-2.2047366668605323e-05,-0.004818739791556319,-0.00390672270941553,1.4999947665974325,1.5,2.0,28.18924247625862,0.37789482414388387,0.0002786402165651197,-0.18467857457618392,3.0707865356569335,0.0003688592029734289,1.9998786710250223,1.000000112579645,3.7996632042641525e-06,-2.2047366668605323e-05,-0.004818739791556319,-0.00390672270941553,1.4999947665974325,1.5,2.0,-5.47152902289493e-06,0.00012530827977338352,0.0015914670443987638,0.5000303903771836,1.8999468614346813e-06,-1.1011027531479753,1.3547608803353006
6.1000000000000005,3.078474192869166,0.10007100874546904,1.999881548940635,1.000000045830282,3.2922089947699036e-06,-7.215637041629941e-06,0.032970742622832075,-0.003878858687759019,1.481526909139814,1.5,2.0,28.223465175016415,0.370529436528664,-0.0014401698659256526,-0.5494887008832242,3.078474192869166,0.10007100874546904,1.999881548940635,1.000000045830282,3.2922089947699036e-06,-7.215637041629941e-06,0.032970742622832075,-0.003878858687759019,1.481526909139814,1.5,2.0,0.001100311815657466,-0.369632053269842,0.008278678686055916,0.5000296374352751,1.6462019945700445e-06,-1.1257625656440775,1.3157286889608062
6.2,3.0898227665963454,0.19941183854471267,1.9998965598173344,1.0000000265963944,3.1459576451532516e-06,-4.709080083848893e-06,0.0700236862756985,-0.0040228756743515845,1.4265780390514922,1.5,2.0,28.294374488189124,0.353403121808635,-0.0027459132369920284,-0.9007657172712471,3.0898227665963454,0.19941183854471267,1.9998965598173344,1.0000000265963944,3.1459576451532516e-06,-4.709080083848893e-06,0.0700236862756985,-0.0040228756743515845,1.4265780390514922,1.5,2.0,0.0020661471148499234,-0.7307194515657233,0.014158291096806027,0.5000258746821046,1.5730601813928794e-06,-1.194815398591004,1.1969932250140507
6.300000000000001,3.108350828749055,0.2976455969028701,1.9999211104903614,0.9999997018522285,3.3110855642184533e-06,-1.2233726458361595e-05,0.10536399845656196,-0.004297466998050787,1.3365014673243671,1.5,2.0,28.395550869144387,0.32736092326722066,-0.0032826688119887517,-1.2298589286792267,3.108350828749055,0.2976455969028701,1.9999211104903614,0.9999997018522285,3.3110855642184533e-06,-1.2233726458361595e-05,0.10536399845656196,-0.004297466998050787,1.3365014673243671,1.5,2.0,0.002787129588981312,-1.0740712666647951,0.018687599620709976,0.5000195740756186,1.6556080871643016e-06,-1.2935926238877102,0.9947064041273306
6.4,3.1372332891433095,0.39331765087127,1.9999521362722033,0.9999988101276566,3.6063892741950918e-06,-2.2059760734058863e-05,0.13810009078328403,-0.004625733879249664,1.2135155744564445,1.5,2.0,28.51754160692508,0.29343057057782185,-0.0027496024559855578,-1.5286646458486108,3.1372332891433095,0.39331765087127,1.9999521362722033,0.9999988101276566,3.6063892741950918e-06,-2.2059760734058863e-05,0.13810009078328403,-0.004625733879249664,1.2135155744564445,1.5,2.0,0.003192272281698375,-1.3910028700766024,0.021442903350598595,0.5000113712679131,1.803237791938959e-06,-1.398295754458709,0.7058245337323897
6.5,3.1790083279352377,0.4840664153468222,1.9999867016331545,0.9999973303450076,3.803936939919669e-06,-2.5372775554494337e-05,0.16744314784106626,-0.00490069412484822,1.0606491098715838,1.5,2.0,28.648749522346417,0.25268156092736044,-0.0009758963761955241,-1.7898255247341046,3.1790083279352377,0.4840664153468222,1.9999867016331545,0.9999973303450076,3.803936939919669e-06,-2.5372775554494337e-05,0.16744314784106626,-0.00490069412484822,1.0606491098715838,1.5,2.0,0.003253062180305006,-1.6734745615169362,0.022138825771472113,0.5000019897774456,1.9019811165811451e-06,-1.4778065166579542,0.332401300584137
6.6000000000000005,3.2352070240720336,0.566619433188511,2.000022177825557,0.9999955234899519,3.7344994668260002e-06,-1.7203006641138734e-05,0.1927113039338023,-0.004998283762467775,0.8816665573981736,1.5,2.0,28.776517490215095,0.20613771936733472,0.001998717642543212,-2.006911820335358,3.2352070240720336,0.566619433188511,2.000022177825557,0.9999955234899519,3.7344994668260002e-06,-1.7203006641138734e-05,0.1927113039338023,-0.004998283762467775,0.8816665573981736,1.5,2.0,0.002983011321149579,-1.9143390924499366,0.020655059834986726,0.4999922173748876,1.8672290278731726e-06,-1.4974024596658966,-0.11402833874792948
6.7,3.305977300783005,0.6370326403196164,2.0000560404264904,0.9999938477538943,3.366487885209644e-06,8.418507421411908e-07,0.21332507587053584,-0.004798411998213452,0.6809753753646378,1.5,2.0,28.88831594129032,0.15476868540954627,0.005873864393503592,-2.1745796027056223,3.305977300783005,0.6370326403196164,2.0000560404264904,0.9999938477538943,3.366487885209644e-06,8.418507421411908e-07,0.21332507587053584,-0.004798411998213452,0.6809753753646378,1.5,2.0,0.0024292803763863637,-2.107556132595074,0.017066134505794202,0.49998291424907093,1.6831967790721387e-06,-1.4245470120067216,-0.6095879879055761
6.800000000000001,3.3898195905116584,0.6911723777230919,2.0000855577084313,0.9999927878228675,2.7929019273501303e-06,2.1238617242041904e-05,0.22880194441149038,-0.004211025558863094,0.46351741509407535,1.5,2.0,28.972973727994745,0.0995490127838174,0.010107458767398403,-2.2887026289778083,3.3898195905116584,0.6911723777230919,2.0000855577084313,0.9999927878228675,2.7929019273501303e-06,2.1238617242041904e-05,0.22880194441149038,-0.004211025558863094,0.46351741509407535,1.5,2.0,0.0016592402047519818,-2.2483650106646667,0.011667839239305639,0.49997500555355967,1.396391227658309e-06,-1.2359296095132972,-1.1183223087972598
6.9,3.483560010846155,0.7253648920071627,2.0001076881356643,0.9999927545991943,2.1180293016703116e-06,3.4552388056256105e-05,0.23875684568987204,-0.0032002796821232553,0.23464715219629445,1.5,2.0,29.021836920293605,0.041549261796194475,0.014018792552427554,-2.3464734749411744,3.483560010846155,0.7253648920071627,2.0001076881356643,0.9999927545991943,2.1180293016703116e-06,3.4552388056256105e-05,0.23875684568987204,-0.0032002796821232553,0.23464715219629445,1.5,2.0,0.0007473057033070033,-2.3334051166134584,0.0049734220905481175,0.4999694569102453,1.0589576322485737e-06,-0.9239015467425437,-1.596441027611903
7.0,3.582642356115023,0.7370658746811387,2.000119446526322,0.999993700601373,1.4082042593624054e-06,3.43635152259001e-05,0.24291177186949153,-0.0017984004268805,-1.9529782294830378e-07,1.5,2.0,29.029732943989107,-0.017991537686962124,0.016961891421130918,-2.3464717893779405,3.582642356115023,0.7370658746811387,2.000119446526322,0.999993700601373,1.4082042593624054e-06,3.43635152259001e-05,0.24291177186949153,-0.0017984004268805,-1.9529782294830378e-07,1.5,2.0,-0.00023451300029318713,-2.3607795773174014,-0.0023351966010050555,0.49996699064053274,7.040600809157091e-07,-0.5000059088029525,-1.9999988847424368
7.1000000000000005,3.6817248255960475,0.7253642242353364,2.0001185267586497,0.9999954696969733,5.859762185884921e-07,2.012436760132968e-05,0.24111261810079537,-0.00010221128476740866,-0.234647374235617,1.5,2.0,28.995627205266448,-0.07765313726929118,0.01848902707845813,-2.2886986129415052,3.6817248255960475,0.7253642242353364,2.0001185267586497,0.9999954696969733,5.859762185884921e-07,2.012436760132968e-05,0.24111261810079537,-0.00010221128476740866,-0.234647374235617,1.5,2.0,-0.0012140779645447215,-2.3300642662523314,-0.009489843417501455,0.49996810504902683,2.9297074685774396e-07,0.0061009636025911584,-2.2939422447751068
7.2,3.7754656152567105,0.6911710264633183,2.000104051324789,0.9999976811306577,-4.867612984452456e-07,-2.922317481982266e-06,0.2333473043738662,0.0017466914230784044,-0.4635172355297675,1.5,2.0,28.922839568742305,-0.13587962534121553,0.018474143435599343,-2.174575643259981,3.7754656152567105,0.6911710264633183,2.000104051324789,0.9999976811306577,-4.867612984452456e-07,-2.922317481982266e-06,0.2333473043738662,0.0017466914230784044,-0.4635172355297675,1.5,2.0,-0.0021219186973072735,-2.242263357757621,-0.015734331115231523,0.4999728291477131,-2.433679878418497e-07,0.5524634130942316,-2.4596169363186475
7.300000000000001,3.8593082817653572,0.6370308060675905,2.000077031098894,0.9999997937717467,-1.764678431436374e-06,-2.6179028356284478e-05,0.21975934183974463,0.003594105766638338,-0.6809747998557654,1.5,2.0,28.818726969167308,-0.19105369539185335,0.017109504990184467,-2.006909806444449,3.8593082817653572,0.6370308060675905,2.000077031098894,0.9999997937717467,-1.764678431436374e-06,-2.6179028356284478e-05,0.21975934183974463,0.003594105766638338,-0.6809747998557654,1.5,2.0,-0.0028819773326323665,-2.0997239054244843,-0.020422620520140322,0.49998063985681646,-8.823052332473486e-07,1.0936620965249297,-2.4982466231826916
7.4,3.9300790885457126,0.5666172777110501,2.000040385402623,1.000001346839459,-3.2596210802530133e-06,-4.1520672527371435e-05,0.2006539723005594,0.0053050562656567855,-0.8816657805002103,1.5,2.0,28.69389937280914,-0.24158760329696904,0.014808660982617043,-1.7898267897376923,3.9300790885457126,0.5666172777110501,2.000040385402623,1.000001346839459,-3.2596210802530133e-06,-4.1520672527371435e-05,0.2006539723005594,0.0053050562656567855,-0.8816657805002103,1.5,2.0,-0.003415276418951878,-1.9060369140844897,-0.023085208531855278,0.49999057725934437,-1.6297776305136097e-06,1.5898001043853878,-2.4294347621741528
7.5,3.9862783931414665,0.484064043624189,1.9999985028009364,1.000002110217705,-4.7113810150114415e-06,-4.377759720161018e-05,0.17649521197086257,0.0067859223639184915,-1.0606484594739796,1.5,2.0,28.561040677002172,-0.2859726403051524,0.012057182968125656,-1.5286682060598884,3.9862783931414665,0.484064043624189,1.9999985028009364,1.000002110217705,-4.7113810150114415e-06,-4.377759720161018e-05,0.17649521197086257,0.0067859223639184915,-1.0606484594739796,1.5,2.0,-0.0036505580324283095,-1.665922035831561,-0.023468486431152097,0.5000014294096885,-2.3556922709758517e-06,2.0128872975976004,-2.2856257642212263
7.6000000000000005,4.0280539560029585,0.3933151873970128,1.9999565675767148,1.0000020518419133,-5.731590374033917e-06,-3.1402711954245594e-05,0.14789794794034744,0.007991640660731056,-1.2135152800799682,1.5,2.0,28.43349501328932,-0.32282904210943125,0.009267955254828805,-1.2298626684389362,4.0280539560029585,0.3933151873970128,1.9999565675767148,1.0000020518419133,-5.731590374033917e-06,-3.1402711954245594e-05,0.14789794794034744,0.007991640660731056,-1.2135152800799682,1.5,2.0,-0.0035377604869482335,-1.3851262083531253,-0.021558579500378452,0.5000118842848595,-2.865857422583285e-06,2.3491120005915667,-2.1047390510835364
7.7,4.056936809910363,0.29764312446569186,1.999919786680547,1.000001462912983,-6.115972233674974e-06,-6.129380995645889e-06,0.11561504372940422,0.008918436186213935,-1.336501546923863,1.5,2.0,28.323811969668064,-0.3509571228948692,0.006687845239038239,-0.9007678365673495,4.056936809910363,0.29764312446569186,1.999919786680547,1.000001462912983,-6.115972233674974e-06,-6.129380995645889e-06,0.11561504372940422,0.008918436186213935,-1.336501546923863,1.5,2.0,-0.0030622484292742863,-1.070321807311571,-0.017586302420429144,0.5000207856199965,-3.0581087673652268e-06,2.5971224365364955,-1.9233377555008628
7.800000000000001,4.075465114794032,0.1994094157491551,1.999892685126186,1.0000007469110597,-5.785099209518435e-06,2.7507273792317925e-05,0.08051933143991734,0.009587220710117757,-1.4265783305805984,1.5,2.0,28.2424287613848,-0.3694057710088278,0.004378353552109359,-0.5494882823848749,4.075465114794032,0.1994094157491551,1.999892685126186,1.0000007469110597,-5.785099209518435e-06,2.7507273792317925e-05,0.08051933143991734,0.009587220710117757,-1.4265783305805984,1.5,2.0,-0.0022558324501358064,-0.7290003243781765,-0.012008779781514165,0.5000272036336606,-2.892704819885581e-06,2.763660058407996,-1.7718708569853712
7.9,4.0868137957565684,0.10006861617534309,1.9998784462947115,1.0000002548756022,-4.913265549818949e-06,6.245575047908079e-05,0.04357875433903457,0.01002505606532869,-1.4815271588190857,1.5,2.0,28.196636966040806,-0.37756870901360107,0.002242079741453538,-0.18467629843470057,4.0868137957565684,0.10006861617534309,1.9998784462947115,1.0000002548756022,-4.913265549818949e-06,6.245575047908079e-05,0.04357875433903457,0.01002505606532869,-1.4815271588190857,1.5,2.0,-0.0011943240508300525,-0.369353316667058,-0.0054593867573791074,0.5000305177188942,-2.456782090392561e-06,2.8583105845159897,-1.67233344520891
8.0,4.094501482327923,0.00036650250890570696,1.9998784380786634,1.000000127602677,-3.8214164437755035e-06,8.971010036523811e-05,0.005821883437674467,0.010249264039474045,-1.499994788662556,1.5,2.0,28.189934961463027,-0.37527401368354996,8.745642461049695e-05,0.1846824660133085,4.094501482327923,0.00036650250890570696,1.9998784380786634,1.000000127602677,-3.8214164437755035e-06,8.971010036523811e-05,0.005821883437674467,0.010249264039474045,-1.499994788662556,1.5,2.0,9.939253624219992e-06,-0.00011992117074539357,0.001335764200324145,0.5000304561328257,-1.9108243636282413e-06,2.888875763588266,-1.637730548248499
8.1,4.102189171661979,-0.09933569968379233,1.999891886678072,1.0000002838251816,-2.951495069762101e-06,9.997309191453927e-05,-0.03170551793068053,0.010258009681935099,-1.4815265420612251,1.5,2.0,28.221823585300143,-0.3628424954704788,-0.0022989611682560367,0.549490598127277,4.102189171661979,-0.09933569968379233,1.999891886678072,1.0000002838251816,-2.951495069762101e-06,9.997309191453927e-05,-0.03170551793068053,0.010258009681935099,-1.4815265420612251,1.5,2.0,0.0012245773115595066,0.36960351254017587,0.007663013859125571,0.5000271717118848,-1.4758273131777604e-06,2.8583095820434474,-1.6723326295656153
8.200000000000001,4.1135378015883735,-0.19867672774011508,1.999915987306916,1.0000004356673162,-2.651671503831705e-06,8.6667688851347e-05,-0.0679897674777284,0.010028113565109494,-1.4265774822484976,1.5,2.0,28.288036760682477,-0.3410793782229993,-0.005075801210462539,0.900764059966284,4.1135378015883735,-0.19867672774011508,1.999915987306916,1.0000004356673162,-2.651671503831705e-06,8.6667688851347e-05,-0.0679897674777284,0.010028113565109494,-1.4265774822484976,1.5,2.0,0.0023145384748689333,0.7305960777266657,0.012920970914954281,0.5000212218983835,-1.3258914477714847e-06,2.7636582440335995,-1.7718692197258363
8.3,4.132065819617086,-0.29691082226570925,1.9999465068119835,1.0000001967222907,-3.05125595481074e-06,4.938970281585999e-05,-0.10209770530002832,0.009520533444063237,-1.3365010762518696,1.5,2.0,28.38115104999752,-0.31119339643552857,-0.008280309885046945,1.2298533620370686,4.132065819617086,-0.29691082226570925,1.9999465068119835,1.0000001967222907,-3.05125595481074e-06,4.938970281585999e-05,-0.10209770530002832,0.009520533444063237,-1.3365010762518696,1.5,2.0,0.003160647324307494,1.073773897330641,0.01668753855627332,0.5000134720184801,-1.5256687838489227e-06,2.5971202650872893,-1.9233354425044833
8.4,4.160947988014772,-0.3925833797704868,1.9999787701420362,0.9999992751574476,-4.0101081429492775e-06,-4.054825743946743e-06,-0.1332170449435811,0.00869250245555854,-1.213515740048163,1.5,2.0,28.491475103633814,-0.27464626076442344,-0.011777293847716934,1.5286563814378809,4.160947988014772,-0.3925833797704868,1.9999787701420362,0.9999992751574476,-4.0101081429492775e-06,-4.054825743946743e-06,-0.1332170449435811,0.00869250245555854,-1.213515740048163,1.5,2.0,0.0036734254803264,1.3904654652296038,0.018738716836855785,0.5000049450957066,-2.005075355207138e-06,2.349110192017344,-2.1047367090534155
8.5,4.202722402679546,-0.4833328897893167,2.000008778763777,0.9999976257006067,-5.161717057548592e-06,-5.866240345920801e-05,-0.1606816710200235,0.007514773070786846,-1.0606501019043753,1.5,2.0,28.608085148540283,-0.2329596043426858,-0.015241018276972792,1.7898172977622753,4.202722402679546,-0.4833328897893167,2.000008778763777,0.9999976257006067,-5.161717057548592e-06,-5.866240345920801e-05,-0.1606816710200235,0.007514773070786846,-1.0606501019043753,1.5,2.0,0.003802052356047011,1.6726774915295795,0.019020957108135412,0.49999661817420327,-2.580847200450338e-06,2.012886567052626,-2.285624550960766
8.6,4.258920200365237,-0.5658869693803252,2.000034060330399,0.9999955053965677,-6.018735758545014e-06,-9.685000479622927e-05,-0.18397763145429205,0.005990671243089567,-0.8816683721281474,1.5,2.0,28.71987292476639,-0.187519438702188,-0.018190240887126004,2.006907020098161,4.258920200365237,-0.5658869693803252,2.000034060330399,0.9999955053965677,-6.018735758545014e-06,-9.685000479622927e-05,-0.18397763145429205,0.005990671243089567,-0.8816683721281474,1.5,2.0,0.003538696979737533,1.9133312381999035,0.017599575866562217,0.4999892377989661,-3.009316630113158e-06,1.589800559123069,-2.429435992741735
8.700000000000001,4.3296895136729265,-0.6363015308007594,2.000053890870732,0.9999934054109553,-6.154643095355149e-06,-0.00010528334702888245,-0.20272957532451094,0.0041716471543769675,-0.6809776701183312,1.5,2.0,28.81649658434527,-0.13942885752810202,-0.02008525623865773,2.174580944082475,4.3296895136729265,-0.6363015308007594,2.000053890870732,0.9999934054109553,-6.154643095355149e-06,-0.00010528334702888245,-0.20272957532451094,0.0041716471543769675,-0.6809776701183312,1.5,2.0,0.0029181194060110267,2.1064554969453173,0.014614768889447032,0.4999832304396577,-3.0772386301429598e-06,1.09366287878245,-2.498250744301663
8.8,4.4135310448860805,-0.6904427061763222,2.00006878826072,0.9999918898635859,-5.341162563240391e-06,-8.092236166054912e-05,-0.21667246107732113,0.002163121530511195,-0.4635195757100834,1.5,2.0,28.88917480406238,-0.08945003969446383,-0.02047360740953697,2.288710712369632,4.4135310448860805,-0.6904427061763222,2.00006878826072,0.9999918898635859,-5.341162563240391e-06,-8.092236166054912e-05,-0.21667246107732113,0.002163121530511195,-0.4635195757100834,1.5,2.0,0.0020129704656731582,2.2473332417119347,0.010270222653659294,0.49997874859753644,-2.6704894324585306e-06,0.5524633777743853,-2.459622838024062
8.9,4.50727111528059,-0.7246364051705455,2.0000795110808487,0.9999914862332523,-3.639195062025123e-06,-3.2987954338560476e-05,-0.22561746504676758,0.00011576078955749671,-0.2346485044731204,1.5,2.0,28.93131342217256,-0.038060736381368816,-0.019140471387774118,2.346486160281594,4.50727111528059,-0.7246364051705455,2.0000795110808487,0.9999914862332523,-3.639195062025123e-06,-3.2987954338560476e-05,-0.22561746504676758,0.00011576078955749671,-0.2346485044731204,1.5,2.0,0.0009238687941737669,2.3326026494583134,0.004857632741733093,0.49997586630586205,-1.8195251948051262e-06,0.006099572839722733,-2.2939475932817674
9.0,4.6063532922232,-0.7363377290477685,2.0000861220037085,0.999992274153623,-1.322776481718223e-06,2.0862562382029378e-05,-0.22942353868490448,-0.0017982863492199148,1.1155503893203744e-07,1.5,2.0,28.9389763372056,0.014390943842344933,-0.01619915755500709,2.3464851894451635,4.6063532922232,-0.7363377290477685,2.0000861220037085,0.999992274153623,-1.322776481718223e-06,2.0862562382029378e-05,-0.22942353868490448,-0.0017982863492199148,1.1155503893203744e-07,1.5,2.0,-0.00023534944318771928,2.3603175361545796,-0.0012079366167854007,0.4999746076693036,-6.613597620451717e-07,-0.5000079489564456,-2.0000011554439108
9.1,4.705435187123276,-0.7246356781811082,2.000087600818739,0.9999940660321158,1.1596609166125964e-06,6.271966238779958e-05,-0.22798444430067,-0.003418202104720624,0.23464863049955523,1.5,2.0,28.91121395179395,0.0674784694519791,-0.012094073236652746,2.2887082867309463,4.705435187123276,-0.7246356781811082,2.000087600818739,0.9999940660321158,1.1596609166125964e-06,6.271966238779958e-05,-0.22798444430067,-0.003418202104720624,0.23464863049955523,1.5,2.0,-0.0013493692488333437,2.329968631293746,-0.007377578559896422,0.4999751339005185,5.798050626072016e-07,-0.923902595334628,-1.5964391418793245
9.200000000000001,4.799175415801504,-0.6904413000770833,2.000082327769618,0.9999966056886884,3.429774145110372e-06,8.301438271344011e-05,-0.22123659735547205,-0.0046276094283858975,0.46351945917264975,1.5,2.0,28.850217665405697,0.12051552979909315,-0.007486565522679097,2.1745786574267254,4.799175415801504,-0.6904413000770833,2.000082327769618,0.9999966056886884,3.429774145110372e-06,8.301438271344011e-05,-0.22123659735547205,-0.0046276094283858975,0.46351945917264975,1.5,2.0,-0.0023182269947671,2.242469624844879,-0.013015300092962803,0.4999777218189962,1.7148164840469681e-06,-1.235928077587185,-1.118317101521639
9.3,4.883017260156198,-0.6362996253157434,2.0000691977676195,0.9999992372032477,5.178290343927283e-06,8.449974490351985e-05,-0.20918504437556282,-0.005376265980653806,0.6809773249153224,1.5,2.0,28.761249896630595,0.1724531522632982,-0.0030775222254947063,2.0069061279829046,4.883017260156198,-0.6362996253157434,2.0000691977676195,0.9999992372032477,5.178290343927283e-06,8.449974490351985e-05,-0.20918504437556282,-0.005376265980653806,0.6809773249153224,1.5,2.0,-0.0030638008786480434,2.100104150203255,-0.017499729941775535,0.49998231977143515,2.589055593529984e-06,-1.4245428109820026,-0.609581449336666
9.4,4.953787002728002,-0.5658846809884517,2.0000487090990315,1.0000012530451277,6.2620553327094315e-06,7.865014180316565e-05,-0.19193972914923305,-0.005684018203203274,0.8816679377136126,1.5,2.0,28.6522994308594,0.22189047058816866,0.0005484245930991929,1.7898181986227961,4.953787002728002,-0.5658846809884517,2.0000487090990315,1.0000012530451277,6.2620553327094315e-06,7.865014180316565e-05,-0.19193972914923305,-0.005684018203203274,0.8816679377136126,1.5,2.0,-0.0035255433273974385,1.9064431494478535,-0.02034879795806392,0.4999884495291125,3.1309514134434857e-06,-1.497396887508573,-0.11402236399496132
9.5,5.009985300796306,-0.4833303210727343,2.0000232390584847,1.0000023491170282,6.696218558035756e-06,7.533347287764263e-05,-0.16975068209041616,-0.0056291757438933525,1.060649757575892,1.5,2.0,28.533461015687145,0.2671883846234146,0.0030329837069128303,1.5286582622907374,5.009985300796306,-0.4833303210727343,2.0000232390584847,1.0000023491170282,6.696218558035756e-06,7.533347287764263e-05,-0.16975068209041616,-0.0056291757438933525,1.060649757575892,1.5,2.0,-0.003665262630134294,1.6662394283412676,-0.02131427640434159,0.49999536484775126,3.3480703760162383e-06,-1.477801282590123,0.3324057977499119
9.600000000000001,5.0517601820135205,-0.39258067283375686,1.9999960938192818,1.0000024901767957,6.510135120797289e-06,7.074968918004281e-05,-0.1430318436280749,-0.005325877373202074,1.2135155838049665,1.5,2.0,28.416103656814258,0.30663595850687,0.004269995573608026,1.229853851811824,5.0517601820135205,-0.39258067283375686,1.9999960938192818,1.0000024901767957,6.510135120797289e-06,7.074968918004281e-05,-0.1430318436280749,-0.005325877373202074,1.2135155838049665,1.5,2.0,-0.0034686160590582295,1.385304827307438,-0.02039922283586699,0.5000022216379164,3.2550739178521318e-06,-1.3982920678111872,0.7058274598987456
9.700000000000001,5.080642778942892,-0.29690807371037287,1.9999694862089243,1.000001990267465,5.8243277597210875e-06,4.1054740581870504e-05,-0.11236824777738788,-0.0048988778158412715,1.3365009689861476,1.5,2.0,28.311947903521595,0.3386100183226231,0.004350925140400035,0.9007637722750788,5.080642778942892,-0.29690807371037287,1.9999694862089243,1.000001990267465,5.8243277597210875e-06,4.1054740581870504e-05,-0.11236824777738788,-0.0048988778158412715,1.3365009689861476,1.5,2.0,-0.002945500924482543,1.0703802452045605,-0.017778607428844496,0.5000086237130725,2.912208311118531e-06,-1.2935908311707576,0.9947077743846865
9.8,5.099171166753445,-0.19867399447208145,1.999942467846778,1.0000011844001668,4.915691235375338e-06,-5.12150536371883e-05,-0.07850724594512555,-0.004463785301801266,1.4265773462136553,1.5,2.0,28.232163491503652,0.36173828363316246,0.003510314905237033,0.5494986058990751,5.099171166753445,-0.19867399447208145,1.999942467846778,1.0000011844001668,4.915691235375338e-06,-5.12150536371883e-05,-0.07850724594512555,-0.004463785301801266,1.4265773462136553,1.5,2.0,-0.002141395557153966,0.7290128685368155,-0.01364427279142235,0.5000149756691802,2.4579163222968994e-06,-1.194815070106722,1.1969934740961823
9.9,5.1105199798054946,-0.099332953892653,1.9999103010339843,1.000000359820902,4.958724101652339e-06,-0.00023385020467028765,-0.042333417581809335,-0.004112753811277559,1.481527206803563,1.5,2.0,28.18649314056538,0.3751239521511822,0.0020596423875916645,0.1846901321863555,5.1105199798054946,-0.099332953892653,1.9999103010339843,1.000000359820902,4.958724101652339e-06,-0.00023385020467028765,-0.042333417581809335,-0.004112753811277559,1.481527206803563,1.5,2.0,-0.0011290411543800078,0.3694051916743012,-0.008041989822049723,0.5000226056658074,2.4794732539197397e-06,-1.125761860009609,1.315730988238323
10.0,5.1182074854490835,0.0003692803779492323,1.9998669465702956,1.0000004598892822,5.391928337571952e-06,-0.0004881629483157171,-0.00482102236669113,-0.003906789572518395,1.499996220022199,1.5,2.0,28.18227771200338,0.3781928675452726,0.0002658375285303211,-0.18472360072451485,5.1182074854490835,0.0003692803779492323,1.9998669465702956,1.0000004598892822,5.391928337571952e-06,-0.0004881629483157171,-0.00482102236669113,-0.003906789572518395,1.499996220022199,1.5,2.0,3.2629908734036796e-06,0.000135855288649508,-0.0008165858962484593,0.5000334955304148,2.6961435343580866e-06,-1.1011004367986255,1.3547655263939449
10.100000000000001,5.125895123346857,0.10007148587404255,1.9998111817874702,1.0000006130991432,4.3583729492449336e-07,-0.000713940193983866,0.03299826438783614,-0.003880205819665361,1.4815238599497476,1.5,2.0,28.223227158888,0.3700909070514907,-0.0015057226831728123,-0.549508033389458,5.125895123346857,0.10007148587404255,1.9998111817874702,1.0000006130991432,4.3583729492449336e-07,-0.000713940193983866,0.03299826438783614,-0.003880205819665361,1.4815238599497476,1.5,2.0,0.0010875610757045667,-0.36989921322421976,0.008211509900759249,0.5000475155886083,2.1793922290950164e-07,-1.1257660102621438,1.3157193507287512
10.200000000000001,5.137244879078395,0.1994120816344031,1.9997552048281242,0.9999965467267062,-2.8399304870423744e-06,-0.0007174040109932457,0.07000735509298522,-0.004030778087982645,1.4265730566108021,1.5,2.0,28.307644307976297,0.35166956257161386,-0.002457727744452892,-0.9004661548155319,5.137244879078395,0.1994120816344031,1.9997552048281242,0.9999965467267062,-2.8399304870423744e-06,-0.0007174040109932457,0.07000735509298522,-0.004030778087982645,1.4265730566108021,1.5,2.0,0.0019702241950296955,-0.7308815071642744,0.01880148813595718,0.5000594794364616,-1.4201390651144533e-06,-1.1948248423655243,1.1969763035733796
10.3,5.155772269540092,0.29764568792872353,1.9997319138679883,1.0000010351107025,2.7623424589579698e-05,-0.0002537756235253448,0.10517431135014661,-0.004276550862427936,1.3365264411292486,1.5,2.0,28.426312491799496,0.3289733571493744,-0.0030849110764282713,-1.2300060542095563,5.155772269540092,0.29764568792872353,1.9997319138679883,1.0000010351107025,2.7623424589579698e-05,-0.0002537756235253448,0.10517431135014661,-0.004276550862427936,1.3365264411292486,1.5,2.0,0.0029454177342835325,-1.07333373693401,0.029541760858125148,0.5000675481427144,1.3813563907248445e-05,-1.2935664483930323,0.994787995883377
10.4,5.18464984838431,0.3933202531243988,1.9997927079701259,1.0000209579414523,2.075082008109433e-05,0.00081089425813589,0.13807164706508407,-0.004585041970070765,1.2135258357082928,1.5,2.0,28.562409789601784,0.29829514497549875,-0.004841052649279609,-1.5308727954445325,5.18464984838431,0.3933202531243988,1.9997927079701259,1.0000209579414523,2.075082008109433e-05,0.00081089425813589,0.13807164706508407,-0.004585041970070765,1.2135258357082928,1.5,2.0,0.003520207527885314,-1.3928741233788262,0.0369230163932528,0.5000623084362158,1.0376485521920564e-05,-1.398266363912356,0.7058662876305705
10.5,5.226438561239999,0.4840626500459947,1.999986539932596,0.9999571480731142,-0.00020491295528626743,0.002311492757949491,0.16790116156263388,-0.005069147234998728,1.060438556163839,1.5,2.0,28.691265653132014,0.2307734344610793,0.0002564092557047174,-1.7878261129661588,5.226438561239999,0.4840626500459947,1.999986539932596,0.9999571480731142,-0.00020491295528626743,0.002311492757949491,0.16790116156263388,-0.005069147234998728,1.060438556163839,1.5,2.0,0.0015305444917779818,-1.6804253010056376,0.035877259065846774,0.4999819389318565,-0.00010245716718332187,-1.4779166315306245,0.33167086554064845
10.600000000000001,5.282667830475162,0.5665861897954332,2.0003305505459603,0.9998985666694343,-5.609752512517524e-05,0.0038824032635111326,0.19097850500874178,-0.005043506309428258,0.8816559448672231,1.5,2.0,28.770544409020097,0.181912561821576,0.012571443178033222,-1.9925600796957612,5.282667830475162,0.5665861897954332,2.0003305505459603,0.9998985666694343,-5.609752512517524e-05,0.0038824032635111326,0.19097850500874178,-0.005043506309428258,0.8816559448672231,1.5,2.0,0.002535381425054354,-1.8969038129817906,0.021785119578543538,0.49986666773475363,-2.804412756174936e-05,-1.4974982061768718,-0.11411467447949136
10.700000000000001,5.353360352212348,0.6370888486364527,2.0007687495410456,1.0002758297884002,0.001436432701590243,0.004278904031413991,0.20916976119089928,-0.0037863619916249365,0.6823999368976468,1.5,2.0,28.77012788042866,0.33246464136553905,-0.007832764733555568,-2.194992527715043,5.353360352212348,0.6370888486364527,2.0007687495410456,1.0002758297884002,0.001436432701590243,0.004278904031413991,0.20916976119089928,-0.0037863619916249365,0.6823999368976468,1.5,2.0,0.012514305318790692,-2.058330856623006,-0.014519856799443316,0.4999457483618997,0.0007179403926214586,-1.4251309699212527,-0.6047003966712663
10.8,5.437088804375443,0.6914492104438548,2.0010044494806305,1.000160906634336,-0.00017441372866319063,-0.0008046424301062133,0.2424162253274532,-0.004569638464980495,0.4629006841261427,1.5,2.0,28.79576610666529,0.18923404546993272,-0.017352526561931793,-2.372963012409572,5.437088804375443,0.6914492104438548,2.0010044494806305,1.000160906634336,-0.00017441372866319063,-0.0008046424301062133,0.2424162253274532,-0.004569638464980495,0.4629006841261427,1.5,2.0,-0.0014727403676435976,-2.3670045947349942,-0.08024383647084729,0.49982942661318525,-8.716308887192153e-05,-1.2350713597986658,-1.1198782652433332
10.9,5.531055995552143,0.7248606601410627,2.000445811496517,0.9992792547117986,-0.007926708854500652,-0.011151171776177613,0.2613396298744464,-0.006304891121173672,0.2256043828851855,1.5,2.0,28.867636055893296,-1.3582956160701236,0.04447231578795028,-2.0860801735894703,5.531055995552143,0.7248606601410627,2.000445811496517,0.9992792547117986,-0.007926708854500652,-0.011151171776177613,0.2613396298744464,-0.006304891121173672,0.2256043828851855,1.5,2.0,-0.029521753031136407,-2.53968087488879,-0.10307755826936095,0.4995282796309518,-0.003962471169649302,-0.9101003167955906,-1.6217016782694622
11.0,5.630233333696352,0.7361149020513329,1.9993284116085108,0.9995313905882907,0.01388720032351488,-0.006826114531539668,0.1255100682674342,-0.0018576595423786442,0.016996365526238507,1.5,2.0,28.867636055893296,-1.3582956160701236,0.04447231578795028,-2.0860801735894703,5.630233333696352,0.7361149020513329,1.9993284116085108,0.9995313905882907,0.01388720032351488,-0.006826114531539668,0.1255100682674342,-0.0018576595423786442,0.016996365526238507,1.5,2.0,7.654824649671793e-05,-1.1895721820083307,0.15908975011627913,0.4999335700852378,0.006945932565597001,-0.5342430517560205,-1.960330609344759
